0.13619835674762726,0.842162013053894,-5.929752688871304e-09,0.2028864026069641,0.7967241406440735,-0.03909745439887047,0.25559231638908386,0.6964008212089539,-0.047255851328372955,0.24196162819862366,0.5923511385917664,-0.05268319323658943,0.19800788164138794,0.543919563293457,-0.05418837070465088,0.2837753891944885,0.6225066781044006,0.00010645457223290578,0.3265473246574402,0.5176356434822083,-0.003713220125064254,0.3503459095954895,0.45685678720474243,-0.002292751567438245,0.36755263805389404,0.407996267080307,-0.0008755719172768295,0.23760229349136353,0.6043433547019958,0.007982101291418076,0.2610894441604614,0.5370693206787109,-0.02022807113826275,0.2512921988964081,0.5984445214271545,-0.031927403062582016,0.24628150463104248,0.6428634524345398,-0.02773425355553627,0.19374880194664001,0.5981557369232178,0.011100614443421364,0.21175327897071838,0.5335825681686401,-0.026193728670477867,0.2081214189529419,0.6103368401527405,-0.03389560803771019,0.20223592221736908,0.6673545837402344,-0.024361340329051018,0.14905749261379242,0.592992901802063,0.01181035116314888,0.15223607420921326,0.5008619427680969,-0.005722986534237862,0.15601152181625366,0.4448307752609253,-0.010023456066846848,0.1640802025794983,0.38852810859680176,-0.008131767623126507,Rock
0.23613235354423523,0.7531219720840454,-2.2071152727676235e-07,0.21463218331336975,0.6352323293685913,0.024409117177128792,0.23181802034378052,0.5358952879905701,0.02511720359325409,0.2751285135746002,0.4808483123779297,0.022078385576605797,0.31997132301330566,0.47187820076942444,0.016173958778381348,0.22697104513645172,0.4918513894081116,-0.03174220398068428,0.263066828250885,0.3546798527240753,-0.049029044806957245,0.28216519951820374,0.2732480466365814,-0.05606398358941078,0.29444679617881775,0.20734691619873047,-0.06099787354469299,0.27198082208633423,0.5186607241630554,-0.04726768657565117,0.3306438624858856,0.4397827386856079,-0.057197343558073044,0.32985830307006836,0.4821506440639496,-0.045534707605838776,0.3153177499771118,0.5069750547409058,-0.03734278678894043,0.317903071641922,0.5582172274589539,-0.058079879730939865,0.36432981491088867,0.4855853021144867,-0.06508690863847733,0.3601318895816803,0.5180049538612366,-0.045966196805238724,0.3450022339820862,0.5387048125267029,-0.032111238688230515,0.3614867329597473,0.6005838513374329,-0.06598690152168274,0.41186338663101196,0.49009522795677185,-0.07148182392120361,0.43918442726135254,0.4442082643508911,-0.061507511883974075,0.45804718136787415,0.4054363965988159,-0.052628032863140106,Rock
0.36268988251686096,0.8120197057723999,-1.7517193384719576e-07,0.3646579086780548,0.6970783472061157,0.007520226761698723,0.41058680415153503,0.6027629971504211,0.0028744139708578587,0.4735061228275299,0.5661680102348328,0.0004417261516209692,0.5204120874404907,0.577416181564331,-0.0026433190796524286,0.4239514172077179,0.5767629742622375,-0.050827477127313614,0.49305638670921326,0.4668746590614319,-0.06673990935087204,0.5327379703521729,0.4070635735988617,-0.07036526501178741,0.5629507303237915,0.35540735721588135,-0.07347974926233292,0.4572914242744446,0.6317321062088013,-0.057359810918569565,0.5298893451690674,0.5725724697113037,-0.0763990506529808,0.510973334312439,0.602815568447113,-0.06826130300760269,0.4885624349117279,0.6226168870925903,-0.0597522035241127,0.486835777759552,0.6920609474182129,-0.05905810371041298,0.5539203882217407,0.6307505369186401,-0.07368139922618866,0.5456716418266296,0.6458132863044739,-0.057893186807632446,0.5298780798912048,0.6604776978492737,-0.04437281936407089,0.513810396194458,0.7441210746765137,-0.05833713337779045,0.5771156549453735,0.6593535542488098,-0.06865148991346359,0.6070982217788696,0.6184159517288208,-0.062281880527734756,0.6323636770248413,0.5826215744018555,-0.0555538646876812,Rock
0.3765420913696289,0.8148714303970337,-1.5934173802634177e-07,0.39563289284706116,0.7097248435020447,0.02639392763376236,0.4404147267341614,0.6478447914123535,0.03148668631911278,0.48536205291748047,0.6117942333221436,0.0331314392387867,0.5153668522834778,0.6009891033172607,0.03209901973605156,0.48523029685020447,0.6232184171676636,-0.015924563631415367,0.5742872953414917,0.5853819251060486,-0.023413315415382385,0.6291604042053223,0.5664023160934448,-0.0266188383102417,0.6723700165748596,0.5527024269104004,-0.02875702455639839,0.5088024735450745,0.6724207997322083,-0.02656521275639534,0.5652663707733154,0.6822285652160645,-0.023869313299655914,0.542434811592102,0.702134907245636,-0.012463606894016266,0.5184100270271301,0.706617534160614,-0.006715226918458939,0.5226115584373474,0.734255313873291,-0.0319681316614151,0.561267614364624,0.735822856426239,-0.027238521724939346,0.538821816444397,0.7487961649894714,-0.010513494722545147,0.5161501169204712,0.7514520287513733,-0.0014456177596002817,0.5274518728256226,0.7948722243309021,-0.034260109066963196,0.5933040976524353,0.7741830945014954,-0.031121408566832542,0.624699056148529,0.7652180194854736,-0.019328700378537178,0.6489529013633728,0.7538096904754639,-0.009937354363501072,Rock
0.38249829411506653,0.6939825415611267,-7.824364445241372e-08,0.35918518900871277,0.6400614976882935,0.02186986431479454,0.33661800622940063,0.5720252394676208,0.02254261076450348,0.35048970580101013,0.5198875069618225,0.018590595573186874,0.3754638731479645,0.5048866271972656,0.012948648072779179,0.3272591531276703,0.5217085480690002,-0.019765978679060936,0.3320913016796112,0.4222134053707123,-0.029631512239575386,0.3343946039676666,0.36159178614616394,-0.03659166768193245,0.3320857584476471,0.3152719736099243,-0.043767981231212616,0.3499809205532074,0.5320611596107483,-0.03486711531877518,0.4016770124435425,0.4690544903278351,-0.04689957946538925,0.4125198721885681,0.5084827542304993,-0.044656991958618164,0.40216177701950073,0.5300906300544739,-0.04423224553465843,0.38155874609947205,0.5440988540649414,-0.04567725583910942,0.4279424548149109,0.4833819270133972,-0.05746491625905037,0.43234968185424805,0.5173541903495789,-0.04783932492136955,0.421682208776474,0.5422487258911133,-0.04111923649907112,0.41729825735092163,0.5506568551063538,-0.053770631551742554,0.4487948417663574,0.4698825478553772,-0.06346135586500168,0.4664572477340698,0.4324873983860016,-0.05962076783180237,0.47754964232444763,0.39428266882896423,-0.05585446581244469,Rock
0.6724738478660583,0.8165942430496216,-1.9442330767560634e-07,0.7280912399291992,0.7502683401107788,-0.004739976953715086,0.7508995532989502,0.6409141421318054,-0.012515985406935215,0.7249329090118408,0.5495333075523376,-0.016116708517074585,0.6825215816497803,0.5079066753387451,-0.021315159276127815,0.7670374512672424,0.6385822892189026,-0.05590568482875824,0.7613717317581177,0.5021264553070068,-0.0747564435005188,0.7628328800201416,0.4297378957271576,-0.0800316333770752,0.7613572478294373,0.366746723651886,-0.08516810834407806,0.7212283611297607,0.641774594783783,-0.0599752776324749,0.681192934513092,0.5249158143997192,-0.08257006853818893,0.6688457131385803,0.5690430402755737,-0.0740351602435112,0.6751338839530945,0.6078985929489136,-0.06699434667825699,0.6684927344322205,0.6507464647293091,-0.06157461181282997,0.6389896869659424,0.551452100276947,-0.08316102623939514,0.6349790692329407,0.5882973074913025,-0.0683034285902977,0.6446643471717834,0.6274248957633972,-0.05548340454697609,0.6173512935638428,0.6507944464683533,-0.06212947517633438,0.613883376121521,0.5465123653411865,-0.08381699025630951,0.6107465028762817,0.4877411127090454,-0.08766907453536987,0.6113735437393188,0.4386741816997528,-0.08956706523895264,Rock
0.5882922410964966,0.9560531973838806,-3.50744251420565e-08,0.6263110637664795,0.8585205078125,-0.011631331406533718,0.6188289523124695,0.7288545966148376,-0.02957325056195259,0.5645827054977417,0.6457632780075073,-0.041090644896030426,0.5046924352645874,0.6303823590278625,-0.05365680158138275,0.6372050046920776,0.7526561617851257,-0.08395424485206604,0.6002422571182251,0.6055331230163574,-0.11611881107091904,0.5809636116027832,0.5207562446594238,-0.12972009181976318,0.5605227947235107,0.44806692004203796,-0.14074218273162842,0.5917932987213135,0.7893434166908264,-0.08980650454759598,0.5173352956771851,0.6568678021430969,-0.13018278777599335,0.5205395817756653,0.7095007300376892,-0.1267545521259308,0.5404279828071594,0.7513254284858704,-0.12008342146873474,0.5377039313316345,0.8255380988121033,-0.09209883213043213,0.47527581453323364,0.7044907808303833,-0.12357556074857712,0.48477092385292053,0.7388085126876831,-0.1049933135509491,0.5090751051902771,0.7787211537361145,-0.08702291548252106,0.48216280341148376,0.8458400368690491,-0.0937764048576355,0.44367995858192444,0.7219471335411072,-0.12055857479572296,0.42721027135849,0.6550349593162537,-0.12411397695541382,0.41845178604125977,0.601080060005188,-0.125051811337471,Rock
0.7727863192558289,0.6312168836593628,-2.623530690470943e-07,0.7293742299079895,0.5336751341819763,-0.001996611012145877,0.6522469520568848,0.4878406524658203,-0.007333253975957632,0.586746335029602,0.500961422920227,-0.010201172903180122,0.5408260822296143,0.5296302437782288,-0.014610769227147102,0.6204293370246887,0.4682410955429077,-0.04594932496547699,0.5178526043891907,0.4598815143108368,-0.06226615607738495,0.4578796923160553,0.4522401690483093,-0.06723129749298096,0.4079948961734772,0.4499494433403015,-0.0715598464012146,0.6205729842185974,0.5309819579124451,-0.050019364804029465,0.5395249128341675,0.567438542842865,-0.06942441314458847,0.5697218179702759,0.5786979794502258,-0.06250470876693726,0.5988250970840454,0.5748501420021057,-0.05667465552687645,0.6253065466880798,0.6008039712905884,-0.05179725959897041,0.5526441931724548,0.6280916333198547,-0.06991352140903473,0.5819390416145325,0.6322296261787415,-0.05646490305662155,0.6102021932601929,0.6264488697052002,-0.0456683486700058,0.6233809590339661,0.6671910881996155,-0.052538055926561356,0.5407692193984985,0.6671589016914368,-0.07079426199197769,0.49611151218414307,0.6610661745071411,-0.0728171169757843,0.454537957906723,0.6498990654945374,-0.0734112486243248,Rock
0.7375534772872925,0.7386531233787537,-1.2272798244339356e-07,0.7765437960624695,0.6634961366653442,0.004538568668067455,0.7849491834640503,0.5778102278709412,-0.00029827418620698154,0.7521047592163086,0.5229054689407349,-0.005203273147344589,0.7097935676574707,0.504436194896698,-0.012947882525622845,0.7984435558319092,0.5382618308067322,-0.03514058142900467,0.78130704164505,0.4257844090461731,-0.04986346513032913,0.7748268842697144,0.3590269088745117,-0.05447165668010712,0.7698642015457153,0.30481603741645813,-0.05709432438015938,0.7562018632888794,0.5483287572860718,-0.04258695989847183,0.7100653052330017,0.4770788550376892,-0.057494793087244034,0.7009671330451965,0.5137163996696472,-0.051601774990558624,0.7109047770500183,0.5421158075332642,-0.046324342489242554,0.708477258682251,0.5678731799125671,-0.047179292887449265,0.6705833077430725,0.5026181936264038,-0.06115676462650299,0.6668186187744141,0.5349873304367065,-0.04945960268378258,0.6790710687637329,0.5635935664176941,-0.03923103213310242,0.6612701416015625,0.5832352042198181,-0.050198860466480255,0.6466873288154602,0.4897875189781189,-0.06058405339717865,0.6388999223709106,0.44118544459342957,-0.056151412427425385,0.6389234066009521,0.40020865201950073,-0.051520008593797684,Rock
0.7129778861999512,0.20273537933826447,-1.0185578247501326e-07,0.6484653949737549,0.25821471214294434,-0.005212069023400545,0.6246463656425476,0.3451838195323944,-0.009395613335072994,0.6417014002799988,0.4128645360469818,-0.009985792450606823,0.664121150970459,0.45487838983535767,-0.01126055233180523,0.6166383624076843,0.37743669748306274,-0.042229972779750824,0.603663444519043,0.4984295964241028,-0.054467394948005676,0.5937418341636658,0.5655912160873413,-0.0559459812939167,0.5883098840713501,0.6201403737068176,-0.056875914335250854,0.6626402139663696,0.3834027051925659,-0.04252234473824501,0.6624400615692139,0.48218032717704773,-0.05684351921081543,0.6650392413139343,0.4470982253551483,-0.048245880752801895,0.6634863615036011,0.40963202714920044,-0.040139250457286835,0.7084751725196838,0.3814323842525482,-0.04103728383779526,0.7031295299530029,0.463453084230423,-0.05314328894019127,0.702100932598114,0.42821362614631653,-0.0412866547703743,0.6989185214042664,0.3951074779033661,-0.03140423446893692,0.7482357621192932,0.3831595182418823,-0.03914622217416763,0.7353786826133728,0.4746079444885254,-0.05215846747159958,0.7266066074371338,0.523941695690155,-0.05486582592129707,0.7187159061431885,0.5681195259094238,-0.05627528578042984,Rock
0.6459404826164246,0.6445658206939697,-8.13804987842559e-08,0.6542993187904358,0.5849606990814209,-0.01728549785912037,0.691703200340271,0.5311210751533508,-0.024583427235484123,0.7360619306564331,0.5153016448020935,-0.03243350610136986,0.7680732607841492,0.5346717238426208,-0.039122868329286575,0.7341170310974121,0.5107285976409912,-0.012040495872497559,0.7843776941299438,0.46963101625442505,-0.02621946483850479,0.8142260313034058,0.4467225670814514,-0.03261005878448486,0.8426929116249084,0.42654097080230713,-0.03673604875802994,0.7467160820960999,0.5458557605743408,-0.011427797377109528,0.7687836289405823,0.5378854274749756,-0.041640203446149826,0.7340012192726135,0.5513261556625366,-0.04864541441202164,0.7139325141906738,0.5595136284828186,-0.04506951570510864,0.7538451552391052,0.5819187760353088,-0.012909818440675735,0.7676053047180176,0.5756092071533203,-0.04280681535601616,0.7314845323562622,0.5840807557106018,-0.040940988808870316,0.7099505662918091,0.5897071957588196,-0.02976594865322113,0.7585402131080627,0.6168287992477417,-0.015548908151686192,0.7962921261787415,0.5980026721954346,-0.03307546675205231,0.8184418678283691,0.5792608261108398,-0.0336592011153698,0.8413487076759338,0.5622062087059021,-0.028910348191857338,Rock
0.3608035445213318,0.8555731177330017,-1.6427169668986608e-07,0.37457209825515747,0.7620272040367126,-0.028748460114002228,0.332303911447525,0.6574677228927612,-0.03977450728416443,0.26707178354263306,0.6059586405754089,-0.050652481615543365,0.21277901530265808,0.6297689080238342,-0.05942530930042267,0.27918729186058044,0.5922251343727112,-0.014029080979526043,0.22655613720417023,0.5068480968475342,-0.028897983953356743,0.19465282559394836,0.4577043056488037,-0.03545314073562622,0.1636192500591278,0.4173697233200073,-0.0403917022049427,0.2421657145023346,0.6339806318283081,-0.015339750796556473,0.20463047921657562,0.5881978869438171,-0.05291515588760376,0.2494455873966217,0.6321209073066711,-0.06499110162258148,0.27789369225502014,0.6578540802001953,-0.06212595850229263,0.2160148173570633,0.6831305027008057,-0.019729992374777794,0.183823823928833,0.6500245928764343,-0.059767380356788635,0.23585593700408936,0.6834477186203003,-0.06038132682442665,0.26844722032546997,0.710500955581665,-0.04860207438468933,0.19399923086166382,0.7335317730903625,-0.02645634301006794,0.13418829441070557,0.6902782320976257,-0.0463440977036953,0.09976811707019806,0.6619248390197754,-0.046365994960069656,0.06612837314605713,0.6346094012260437,-0.04251497611403465,Rock
0.47183915972709656,0.7989462614059448,-1.6882633246950718e-07,0.4711189568042755,0.718899667263031,-0.04005115106701851,0.4296345114707947,0.6481544971466064,-0.05940992385149002,0.3653271198272705,0.651240348815918,-0.07609006762504578,0.31768202781677246,0.6870757341384888,-0.09066277742385864,0.3266831338405609,0.5940346717834473,-0.037299856543540955,0.2566160559654236,0.5460147261619568,-0.05894483998417854,0.20883437991142273,0.5215811133384705,-0.0718153715133667,0.16849614679813385,0.5015526413917542,-0.08010895550251007,0.29837098717689514,0.6547405123710632,-0.0341038703918457,0.2904292345046997,0.6562738418579102,-0.08017471432685852,0.33812686800956726,0.6718998551368713,-0.10183766484260559,0.37219908833503723,0.6794629096984863,-0.10533341020345688,0.29028499126434326,0.7178338170051575,-0.033351998776197433,0.2834821939468384,0.7267135977745056,-0.07957316190004349,0.3381442725658417,0.7203204035758972,-0.08985163271427155,0.37658175826072693,0.7119553089141846,-0.08433587104082108,0.291932612657547,0.7782758474349976,-0.03503897413611412,0.23870986700057983,0.7828153967857361,-0.06041910499334335,0.2054184377193451,0.785909116268158,-0.06385001540184021,0.17633011937141418,0.7819600105285645,-0.060355883091688156,Rock
0.468184232711792,0.8021273016929626,-1.623945564688256e-07,0.4709456264972687,0.7224410772323608,-0.040423136204481125,0.43016162514686584,0.6458101868629456,-0.05884695053100586,0.36664673686027527,0.6465638279914856,-0.07473893463611603,0.32089701294898987,0.6898435950279236,-0.08876257389783859,0.3255641758441925,0.593673586845398,-0.03691467270255089,0.2578388452529907,0.5447653532028198,-0.059967465698719025,0.20921246707439423,0.5199452638626099,-0.07301530987024307,0.16828273236751556,0.4997830390930176,-0.08069058507680893,0.29638996720314026,0.6543921232223511,-0.033053383231163025,0.28679800033569336,0.6551110148429871,-0.07825877517461777,0.33564022183418274,0.6754387617111206,-0.09739065170288086,0.3688395023345947,0.6822801828384399,-0.09891452640295029,0.287484347820282,0.7178997993469238,-0.031984876841306686,0.2799573838710785,0.7268257737159729,-0.07872190326452255,0.3353728950023651,0.7293541431427002,-0.0865338072180748,0.3739399015903473,0.7257437705993652,-0.07818878442049026,0.28715670108795166,0.7797662019729614,-0.03336387872695923,0.23325525224208832,0.7731964588165283,-0.05777926370501518,0.19930048286914825,0.7713601589202881,-0.05858650431036949,0.1696987748146057,0.7642650604248047,-0.052681777626276016,Rock
0.28910061717033386,0.8076394200325012,-6.394827778422041e-08,0.34784799814224243,0.7579190731048584,-0.031003374606370926,0.3899995982646942,0.6637423038482666,-0.04573456943035126,0.3801877200603485,0.575520932674408,-0.06065486744046211,0.33319684863090515,0.5300837755203247,-0.07378041744232178,0.376720130443573,0.5627250075340271,-0.019713949412107468,0.40519586205482483,0.45666563510894775,-0.03559334576129913,0.42287254333496094,0.3951847553253174,-0.03885310888290405,0.4336724281311035,0.34209686517715454,-0.03963512182235718,0.332954078912735,0.5582263469696045,-0.02016432397067547,0.3528887629508972,0.5015695095062256,-0.05699938163161278,0.35273250937461853,0.5803915858268738,-0.06388997286558151,0.3509366810321808,0.6208255887031555,-0.0569276288151741,0.29337531328201294,0.5656882524490356,-0.02422304078936577,0.3126920759677887,0.5238234996795654,-0.0693557932972908,0.32240355014801025,0.6092194318771362,-0.06744452565908432,0.32081955671310425,0.6570878028869629,-0.05166257917881012,0.25258868932724,0.5746489763259888,-0.030163252726197243,0.24974212050437927,0.4849509596824646,-0.05480588227510452,0.25025758147239685,0.431753009557724,-0.05395149067044258,0.25035107135772705,0.37332260608673096,-0.04784069210290909,Rock
0.26343318819999695,0.6891000866889954,-9.972133341307199e-08,0.29396510124206543,0.7667214274406433,-0.03497575595974922,0.35625994205474854,0.8188711404800415,-0.04941708222031593,0.4099831283092499,0.8058875203132629,-0.06303192675113678,0.44634684920310974,0.7543753981590271,-0.07524693757295609,0.44304683804512024,0.7938467860221863,-0.021059369668364525,0.5159458518028259,0.8153512477874756,-0.035318318754434586,0.5612025260925293,0.8311392068862915,-0.03719695284962654,0.5962681770324707,0.8408710956573486,-0.036090802401304245,0.43874526023864746,0.736287534236908,-0.018365642055869102,0.4657871723175049,0.7669005990028381,-0.053503893315792084,0.40592604875564575,0.765755295753479,-0.05931089073419571,0.3742177486419678,0.7597622275352478,-0.050625890493392944,0.42422568798065186,0.6869655251502991,-0.01995314471423626,0.4393618106842041,0.7156189680099487,-0.06556069850921631,0.3794977366924286,0.7265809774398804,-0.0666399821639061,0.35176029801368713,0.7254061102867126,-0.05197201669216156,0.4107697606086731,0.6381781101226807,-0.02321448363363743,0.47104623913764954,0.6294428706169128,-0.04920347407460213,0.5046144723892212,0.6308822631835938,-0.04944301024079323,0.5455961227416992,0.6361978650093079,-0.04305293783545494,Rock
0.24385970830917358,0.7547965049743652,1.093558221754165e-08,0.24288280308246613,0.652287483215332,0.006665799301117659,0.28063347935676575,0.5548155903816223,0.00015329297457356006,0.3402601182460785,0.5146479606628418,-0.008385038934648037,0.38917139172554016,0.524274468421936,-0.01697620563209057,0.27787697315216064,0.5127912163734436,-0.03144671022891998,0.3466532230377197,0.4120360016822815,-0.04430719092488289,0.3810986876487732,0.3549081087112427,-0.0441502220928669,0.4040154218673706,0.3013988435268402,-0.04498816654086113,0.3076702654361725,0.5568959712982178,-0.04435713589191437,0.39522266387939453,0.49336910247802734,-0.07218631356954575,0.38826313614845276,0.5406127572059631,-0.06976621598005295,0.3635851740837097,0.5668808817863464,-0.06154804676771164,0.3408604860305786,0.6082525849342346,-0.054078202694654465,0.41784900426864624,0.5440069437026978,-0.07868380844593048,0.4097585380077362,0.5837000608444214,-0.0663897693157196,0.3872655928134918,0.6056276559829712,-0.050861235707998276,0.3744036555290222,0.6565864682197571,-0.062326397746801376,0.43867743015289307,0.5806400179862976,-0.07767016440629959,0.47518211603164673,0.5441835522651672,-0.07542329281568527,0.5027670860290527,0.5082473158836365,-0.07057996094226837,Rock
0.23344671726226807,0.7621986865997314,1.2277314453967847e-07,0.2694251537322998,0.6627026796340942,-0.0004467159160412848,0.34289616346359253,0.6161722540855408,-0.00923213455826044,0.41144123673439026,0.6273569464683533,-0.017601322382688522,0.44960305094718933,0.6638466715812683,-0.024965563789010048,0.35667383670806885,0.5738552212715149,-0.03864752873778343,0.458732008934021,0.5490121841430664,-0.056646525859832764,0.5179671049118042,0.5416216850280762,-0.06215979531407356,0.5674286484718323,0.5330207347869873,-0.0660080686211586,0.36825743317604065,0.6439077854156494,-0.04657621681690216,0.4620518684387207,0.648071825504303,-0.0776025727391243,0.43175649642944336,0.6695902943611145,-0.07694437354803085,0.3962154984474182,0.6755434274673462,-0.0694940909743309,0.3767307996749878,0.7154210805892944,-0.051876138895750046,0.4561404883861542,0.7121145725250244,-0.07558615505695343,0.42696619033813477,0.7259513139724731,-0.06210977956652641,0.39498376846313477,0.7316691279411316,-0.04585765674710274,0.3833344578742981,0.7772562503814697,-0.05676652491092682,0.46794062852859497,0.7754857540130615,-0.07246947288513184,0.5135529041290283,0.7789690494537354,-0.07094444334506989,0.5523062348365784,0.779834508895874,-0.06596578657627106,Rock
0.34178194403648376,0.8245012760162354,2.2958355216928794e-08,0.368890643119812,0.7394387125968933,0.021641967818140984,0.3986527919769287,0.6566007137298584,0.02010907232761383,0.43407371640205383,0.6160883903503418,0.011774889193475246,0.46462222933769226,0.6034994721412659,0.0020281607285141945,0.37544581294059753,0.5863526463508606,-0.019513394683599472,0.4332181215286255,0.4953154921531677,-0.034090250730514526,0.4628683626651764,0.43946605920791626,-0.038554903119802475,0.48416393995285034,0.38949793577194214,-0.04207640141248703,0.3769382834434509,0.6112666726112366,-0.041416727006435394,0.4806581735610962,0.5898140668869019,-0.06597352027893066,0.48827284574508667,0.6408658027648926,-0.06531237810850143,0.4770250916481018,0.6653949618339539,-0.06106932833790779,0.3918576240539551,0.6521823406219482,-0.059659555554389954,0.48957380652427673,0.6427075862884521,-0.08258278667926788,0.48581960797309875,0.6928491592407227,-0.071432925760746,0.46865853667259216,0.7159582376480103,-0.05874193459749222,0.41678938269615173,0.6987549066543579,-0.07588385045528412,0.4920397996902466,0.6523148417472839,-0.09048369526863098,0.5348929762840271,0.6278802156448364,-0.08585226535797119,0.5700666308403015,0.6019067168235779,-0.07959546148777008,Rock
0.4287658929824829,0.7244407534599304,-1.378869569634844e-07,0.3537185490131378,0.6790879368782043,0.017863679677248,0.3171330690383911,0.6183554530143738,0.018206201493740082,0.31951063871383667,0.5544443726539612,0.015755154192447662,0.3486814498901367,0.5161095857620239,0.011618765071034431,0.2991498112678528,0.5814436078071594,-0.020942114293575287,0.26693493127822876,0.4737527370452881,-0.02585817687213421,0.24611280858516693,0.41345512866973877,-0.02182720974087715,0.22772257030010223,0.366413414478302,-0.019426686689257622,0.3366584777832031,0.5521019101142883,-0.032674770802259445,0.34265223145484924,0.4702144265174866,-0.03756818175315857,0.36076620221138,0.5004050135612488,-0.02632998675107956,0.3655744791030884,0.5306617021560669,-0.017800580710172653,0.3824268579483032,0.5346744656562805,-0.04032360389828682,0.38392937183380127,0.47022733092308044,-0.04882592335343361,0.3961600959300995,0.5016995072364807,-0.035764891654253006,0.3965989649295807,0.5310617685317993,-0.02455458603799343,0.42895805835723877,0.5234677195549011,-0.04515431076288223,0.410281240940094,0.4302661418914795,-0.05154583975672722,0.4036034643650055,0.38371407985687256,-0.04466918483376503,0.3946166932582855,0.3468366861343384,-0.03734327107667923,Rock
0.8629187345504761,0.7192527055740356,-3.2200296118389815e-07,0.8531820774078369,0.6131176352500916,0.0009479642030782998,0.7958841323852539,0.5332059860229492,-0.006791725754737854,0.7277725338935852,0.509627103805542,-0.013815708458423615,0.6785334348678589,0.5209993720054626,-0.02185380458831787,0.7855860590934753,0.4724007844924927,-0.03613917902112007,0.7031450867652893,0.41191330552101135,-0.055896561592817307,0.6517059206962585,0.3736453652381897,-0.06582344323396683,0.6088855862617493,0.34318459033966064,-0.07462279498577118,0.7681511044502258,0.5169399976730347,-0.04364117980003357,0.6799173355102539,0.5267864465713501,-0.06618212163448334,0.6995253562927246,0.5638571977615356,-0.0624832920730114,0.7250648736953735,0.5738316774368286,-0.05992748960852623,0.7473348379135132,0.5804018974304199,-0.04952364042401314,0.6646626591682434,0.5818424224853516,-0.07206834107637405,0.6870589256286621,0.6107742190361023,-0.05900704488158226,0.7179217338562012,0.6229736804962158,-0.048409394919872284,0.7217543721199036,0.6452334523200989,-0.054359205067157745,0.6427006721496582,0.6161841750144958,-0.07484694570302963,0.5999426245689392,0.5964895486831665,-0.07648840546607971,0.5654444694519043,0.5706055164337158,-0.07672944664955139,Rock
0.8195145726203918,0.7227787375450134,-2.690842677566252e-07,0.8432225584983826,0.629499077796936,0.007283611688762903,0.8297811150550842,0.5381056070327759,0.001986009068787098,0.7779589891433716,0.4936780035495758,-0.004827657714486122,0.732307493686676,0.48312193155288696,-0.012820210307836533,0.8502299189567566,0.475626140832901,-0.025243142619729042,0.7952612042427063,0.36626553535461426,-0.0364653579890728,0.7655161023139954,0.30639946460723877,-0.0362161323428154,0.7439975142478943,0.2569226324558258,-0.03605096787214279,0.809099555015564,0.49590083956718445,-0.03648604825139046,0.736463189125061,0.43207913637161255,-0.05650690943002701,0.7361400127410889,0.4805741012096405,-0.053179699927568436,0.7553102374076843,0.5092071890830994,-0.047678928822278976,0.7638832926750183,0.5288767218589783,-0.04519744589924812,0.7046196460723877,0.4752025902271271,-0.06483598798513412,0.7118464112281799,0.5241669416427612,-0.05646291375160217,0.7338190078735352,0.5496009588241577,-0.047087475657463074,0.7155704498291016,0.5586273670196533,-0.052021462470293045,0.6740525364875793,0.48001641035079956,-0.06476152688264847,0.6514379382133484,0.4338846206665039,-0.06395018845796585,0.6360307931900024,0.38161078095436096,-0.062150534242391586,Rock
0.609137773513794,0.624334454536438,-2.748547274222801e-07,0.6593091487884521,0.6366289854049683,0.011557992547750473,0.700146496295929,0.6094829440116882,0.012998074293136597,0.7222837209701538,0.5580164790153503,0.01445787027478218,0.7221090197563171,0.5168996453285217,0.015434660948812962,0.7289676666259766,0.5899623036384583,-0.024299371987581253,0.7796742916107178,0.5299842357635498,-0.03648441284894943,0.7870718240737915,0.5007522106170654,-0.036415036767721176,0.7880203127861023,0.4901066720485687,-0.0344429537653923,0.7147464156150818,0.562234103679657,-0.0316343829035759,0.7580304145812988,0.4804020822048187,-0.045551739633083344,0.7377610206604004,0.4808289408683777,-0.03863034024834633,0.7222723960876465,0.49915432929992676,-0.030246857553720474,0.6903132200241089,0.5332345366477966,-0.03610597923398018,0.7199015021324158,0.4582168161869049,-0.045739490538835526,0.7020753026008606,0.47155770659446716,-0.03324224427342415,0.6913317441940308,0.49743378162384033,-0.02256585657596588,0.6606762409210205,0.5035454630851746,-0.03855140879750252,0.6851090788841248,0.4435752034187317,-0.05042855069041252,0.6971967816352844,0.41157984733581543,-0.051193222403526306,0.7132028937339783,0.3876895010471344,-0.0497269369661808,Rock
0.6137203574180603,0.7542398571968079,-2.979961948312848e-07,0.6752738356590271,0.7646905779838562,0.024508018046617508,0.7218474745750427,0.7445127964019775,0.031837839633226395,0.7432700395584106,0.7068459987640381,0.03214005008339882,0.7447954416275024,0.6664438247680664,0.02936691790819168,0.7661023139953613,0.7317153215408325,0.013497930020093918,0.812492311000824,0.6773320436477661,0.015400643460452557,0.8405969142913818,0.6515077352523804,0.02046465128660202,0.864181637763977,0.6356130838394165,0.023820769041776657,0.7577362060546875,0.6949597597122192,-0.002183083212003112,0.7572963833808899,0.6221190690994263,-0.005254225339740515,0.7275574207305908,0.6177480220794678,-0.004246891941875219,0.7097573280334473,0.6325536966323853,-0.003235150594264269,0.7350448966026306,0.6558882594108582,-0.015347369946539402,0.733124852180481,0.5870479941368103,-0.023854870349168777,0.7027525901794434,0.5857104063034058,-0.02391720376908779,0.6873312592506409,0.5990329384803772,-0.022763604298233986,0.7079663872718811,0.6143202781677246,-0.025057420134544373,0.7391095757484436,0.5477702617645264,-0.031112605705857277,0.7546833157539368,0.5112050771713257,-0.031333327293395996,0.7740886807441711,0.48139411211013794,-0.030821004882454872,Rock
0.6611507534980774,0.7935274839401245,-2.393281306467543e-07,0.7236689925193787,0.812400758266449,0.01868182048201561,0.7733738422393799,0.7969176769256592,0.025136766955256462,0.7953651547431946,0.7585545182228088,0.02546042762696743,0.8022480607032776,0.7197161316871643,0.023598825559020042,0.8166853189468384,0.7897406220436096,0.015714522451162338,0.8655709028244019,0.7535117864608765,0.018609730526804924,0.8984260559082031,0.733854353427887,0.022667087614536285,0.92612624168396,0.7232416272163391,0.025269431993365288,0.8133069276809692,0.7500220537185669,0.0028728621546179056,0.8131133317947388,0.6882809996604919,0.0015509770018979907,0.7815878391265869,0.6847420930862427,0.0016908582765609026,0.764437735080719,0.6997326612472534,0.002648139139637351,0.7951810956001282,0.7089130282402039,-0.007839584723114967,0.7933740615844727,0.6478641033172607,-0.01402318011969328,0.7625147104263306,0.6510167717933655,-0.013626400381326675,0.7481531500816345,0.669112503528595,-0.01156046986579895,0.7718633413314819,0.6652500033378601,-0.015963317826390266,0.8030235171318054,0.6030198335647583,-0.016815073788166046,0.8197776079177856,0.5748318433761597,-0.012408077716827393,0.8397185802459717,0.557278037071228,-0.008264712989330292,Rock
0.6739156246185303,0.7624117136001587,-3.063128417579719e-07,0.7301956415176392,0.7382925748825073,0.011578891426324844,0.7707285284996033,0.6915837526321411,0.00854932889342308,0.7800337672233582,0.6341173648834229,0.0013710566563531756,0.7686564326286316,0.5951954126358032,-0.007594421971589327,0.815301239490509,0.664185643196106,-0.011347399093210697,0.845083475112915,0.5773559212684631,-0.020260045304894447,0.8667341470718384,0.530962347984314,-0.02466312050819397,0.8874688744544983,0.49537208676338196,-0.028783364221453667,0.7969762086868286,0.6446640491485596,-0.02400195598602295,0.7653217315673828,0.5679401159286499,-0.03634953871369362,0.7377901077270508,0.5969628095626831,-0.03601384162902832,0.7362958788871765,0.6268482804298401,-0.03571024909615517,0.7625235319137573,0.6272498369216919,-0.03454214334487915,0.7274524569511414,0.5592486262321472,-0.04685129225254059,0.7035737037658691,0.5901626348495483,-0.04230406880378723,0.703762412071228,0.623640239238739,-0.03835909068584442,0.7235601544380188,0.6048955917358398,-0.04359806329011917,0.728811502456665,0.523146390914917,-0.05189700797200203,0.734065592288971,0.47936493158340454,-0.04985186085104942,0.7474741339683533,0.4414095878601074,-0.047858674079179764,Rock
0.6150175929069519,0.6223049163818359,-2.40027816289512e-07,0.6295074224472046,0.5512382388114929,0.00564571050927043,0.6129826307296753,0.48120418190956116,0.0024596916045993567,0.5730453133583069,0.4467470645904541,-0.00195614667609334,0.5367223024368286,0.4479629099369049,-0.008332055062055588,0.6216598153114319,0.4257658123970032,-0.022599060088396072,0.5786985158920288,0.34569060802459717,-0.03131677210330963,0.5606878399848938,0.29709592461586,-0.033740341663360596,0.5470810532569885,0.25641268491744995,-0.036381643265485764,0.5987513065338135,0.44289207458496094,-0.030234320089221,0.5330870151519775,0.4255438446998596,-0.04118160903453827,0.5360019207000732,0.46803396940231323,-0.036940790712833405,0.5523587465286255,0.4853206276893616,-0.03424011543393135,0.5682820677757263,0.47499823570251465,-0.03579277545213699,0.5088501572608948,0.46106278896331787,-0.04838603362441063,0.5154253244400024,0.4998553395271301,-0.04133785516023636,0.534819483757019,0.5185036063194275,-0.035401519387960434,0.5334112048149109,0.506487250328064,-0.03991944342851639,0.49033695459365845,0.44581738114356995,-0.050966642796993256,0.4680006802082062,0.41153672337532043,-0.05044794827699661,0.45294466614723206,0.3763187527656555,-0.049343276768922806,Rock
0.7142730355262756,0.6350637674331665,-1.6048912243604718e-07,0.693114697933197,0.5577235221862793,0.008092357777059078,0.6511777639389038,0.505746066570282,0.0022525640670210123,0.6043446063995361,0.5014817714691162,-0.005580361001193523,0.5717474222183228,0.5214868187904358,-0.015618717297911644,0.6294838786125183,0.45201313495635986,-0.02509782835841179,0.5623383522033691,0.3926239013671875,-0.04443808272480965,0.5270884037017822,0.3508094251155853,-0.05504413694143295,0.49842315912246704,0.31612923741340637,-0.06224910914897919,0.6169215440750122,0.4872450828552246,-0.035564303398132324,0.5436546206474304,0.49837636947631836,-0.055421698838472366,0.562376081943512,0.5346791744232178,-0.05293932929635048,0.5854783058166504,0.5395119786262512,-0.04969719797372818,0.6026982069015503,0.5410498976707458,-0.044236842542886734,0.5422188639640808,0.5526705980300903,-0.06350501626729965,0.5614567995071411,0.5767918825149536,-0.052877895534038544,0.5874980688095093,0.5807569622993469,-0.04232902079820633,0.5848383903503418,0.5961236953735352,-0.051376741379499435,0.5205279588699341,0.5592363476753235,-0.06756188720464706,0.48236146569252014,0.5381209254264832,-0.06581271439790726,0.45256972312927246,0.5132084488868713,-0.06216546148061752,Rock
0.7547383308410645,0.6036303043365479,-9.976989900906119e-08,0.699096143245697,0.5434227585792542,0.004886981099843979,0.6299018263816833,0.5213379263877869,-0.003047475591301918,0.5755500197410583,0.5497555732727051,-0.010598897933959961,0.5457656979560852,0.5939114093780518,-0.020646626129746437,0.6107575297355652,0.4923346936702728,-0.04016093164682388,0.5267011523246765,0.48001742362976074,-0.06194750964641571,0.47867751121520996,0.46769779920578003,-0.07252460718154907,0.4386615753173828,0.458069384098053,-0.07928691059350967,0.6172460317611694,0.5421790480613708,-0.05129742994904518,0.5315774083137512,0.5911246538162231,-0.07550515979528427,0.5553345680236816,0.6120495796203613,-0.0728578045964241,0.5811044573783875,0.6074050664901733,-0.0684703066945076,0.6257061958312988,0.6047098636627197,-0.05989093333482742,0.5472270846366882,0.6472333669662476,-0.07985494285821915,0.5652518272399902,0.6564153432846069,-0.06696664541959763,0.5898953676223755,0.6478971242904663,-0.054816924035549164,0.6322383284568787,0.6656390428543091,-0.0670902281999588,0.5507898330688477,0.673460841178894,-0.08083240687847137,0.5107977986335754,0.6745279431343079,-0.07616300880908966,0.48169776797294617,0.6713550090789795,-0.07116162031888962,Rock
0.746092677116394,0.5482584238052368,-1.5972226208305074e-07,0.6850828528404236,0.5117558240890503,0.004710489884018898,0.6128816604614258,0.5177066326141357,-0.0012596823507919908,0.5651926398277283,0.5592978596687317,-0.005846410524100065,0.5423790812492371,0.6046534180641174,-0.012511168606579304,0.5958722829818726,0.5043678283691406,-0.044041141867637634,0.5138582587242126,0.5365307331085205,-0.06256067752838135,0.46763890981674194,0.5522465705871582,-0.06955206394195557,0.43055546283721924,0.5683861374855042,-0.07492530345916748,0.6140657067298889,0.5484076738357544,-0.052941158413887024,0.5392726063728333,0.6242978572845459,-0.0736311674118042,0.5653607249259949,0.6259810328483582,-0.06696300208568573,0.5887882113456726,0.6100208759307861,-0.06089935824275017,0.6379783749580383,0.5991199612617493,-0.0589577741920948,0.5656483769416809,0.6637143492698669,-0.07507478445768356,0.5841412544250488,0.6599335074424744,-0.05931400507688522,0.6067490577697754,0.6402108669281006,-0.047047656029462814,0.6583276987075806,0.6510435938835144,-0.06368659436702728,0.5857304930686951,0.6934717893600464,-0.08087372779846191,0.545515239238739,0.7168169617652893,-0.08204365521669388,0.5138144493103027,0.732029378414154,-0.08196024596691132,Rock
0.6579572558403015,0.4677768349647522,-1.330208476701955e-07,0.590445876121521,0.47835710644721985,0.0009247529087588191,0.5448694825172424,0.5432178378105164,-0.0022293790243566036,0.5318944454193115,0.6074098348617554,-0.0032527027651667595,0.5412126779556274,0.6553104519844055,-0.006078018806874752,0.5308527946472168,0.564946711063385,-0.04169128090143204,0.4874512851238251,0.6717503666877747,-0.056403473019599915,0.4572758674621582,0.727864146232605,-0.06254477798938751,0.43547460436820984,0.7761751413345337,-0.06826727837324142,0.566444993019104,0.5924321413040161,-0.045423079282045364,0.5381560325622559,0.6895202398300171,-0.05900310352444649,0.5488467216491699,0.6602368354797363,-0.05160723254084587,0.5581669211387634,0.6301221251487732,-0.04651400074362755,0.6055225729942322,0.6114431619644165,-0.04671463370323181,0.572647213935852,0.6975749135017395,-0.05506105720996857,0.5775991082191467,0.6747146248817444,-0.04147983342409134,0.5844952464103699,0.6470802426338196,-0.03326466679573059,0.640174388885498,0.6288180947303772,-0.04756764695048332,0.6070281267166138,0.7146877646446228,-0.06129598245024681,0.5892184972763062,0.7597487568855286,-0.06485288590192795,0.5752754211425781,0.7956575751304626,-0.067824587225914,Rock
0.6209375858306885,0.37553560733795166,1.2318309927650262e-07,0.5652099251747131,0.43720149993896484,-0.004436586983501911,0.5575006008148193,0.5221070647239685,-0.013007713481783867,0.5781645178794861,0.5859997272491455,-0.017801571637392044,0.6015173196792603,0.6207797527313232,-0.023449473083019257,0.5581295490264893,0.5360273122787476,-0.04882112890481949,0.5533666610717773,0.6610915064811707,-0.06329604983329773,0.5486662983894348,0.7336479425430298,-0.06717556715011597,0.5489045977592468,0.7894749045372009,-0.07007088512182236,0.6073442101478577,0.5414830446243286,-0.05044208839535713,0.6113616228103638,0.6556340456008911,-0.0702451691031456,0.5988015532493591,0.6385002136230469,-0.06934277713298798,0.5917112231254578,0.6023428440093994,-0.0650954395532608,0.650933027267456,0.5372993350028992,-0.04876521974802017,0.6573092341423035,0.6601783633232117,-0.05769003927707672,0.648405909538269,0.6688587665557861,-0.05230899527668953,0.6443582773208618,0.6570426821708679,-0.04852409288287163,0.6832771301269531,0.5288397669792175,-0.04628559201955795,0.6969889998435974,0.61636883020401,-0.05368996784090996,0.6950129270553589,0.649025022983551,-0.054303430020809174,0.696121871471405,0.6677132248878479,-0.054338548332452774,Rock
0.5544900298118591,0.34113210439682007,7.907414101282484e-08,0.523270308971405,0.4224530756473541,-0.016174137592315674,0.5403128862380981,0.5226543545722961,-0.025415878742933273,0.5661575794219971,0.6022056937217712,-0.0290407445281744,0.5735087394714355,0.6635358333587646,-0.031917981803417206,0.5670735239982605,0.5163272023200989,-0.052966341376304626,0.5945895314216614,0.6226678490638733,-0.06814076751470566,0.6089351177215576,0.6888387203216553,-0.07212942093610764,0.6240909099578857,0.7414275407791138,-0.075848788022995,0.6045292615890503,0.4996025860309601,-0.0478174202144146,0.6298664212226868,0.59035724401474,-0.06759278476238251,0.6071788668632507,0.5739809274673462,-0.0634167417883873,0.5890118479728699,0.5449659824371338,-0.05751840025186539,0.6328609585762024,0.4782316982746124,-0.041140176355838776,0.6489275097846985,0.5604363083839417,-0.055570002645254135,0.6261287331581116,0.5479578971862793,-0.04514942690730095,0.6096661686897278,0.524794340133667,-0.03575209528207779,0.6540517807006836,0.4601655602455139,-0.035097282379865646,0.6786178946495056,0.5387041568756104,-0.047341033816337585,0.6895728707313538,0.5785669088363647,-0.049690600484609604,0.701700747013092,0.606946587562561,-0.05055680498480797,Rock
0.4962478578090668,0.33979442715644836,7.087034248343116e-08,0.49140459299087524,0.42604002356529236,-0.010951646603643894,0.5241731405258179,0.49566230177879333,-0.016683265566825867,0.5643689036369324,0.5230652689933777,-0.018835224211215973,0.5924310684204102,0.5294921398162842,-0.02015783078968525,0.5467655658721924,0.48697468638420105,-0.03914564102888107,0.5976815819740295,0.5669749975204468,-0.05208210274577141,0.6246556639671326,0.6123696565628052,-0.0548081174492836,0.6486303806304932,0.6485925912857056,-0.0563969649374485,0.5751904249191284,0.452032208442688,-0.03700960427522659,0.6154464483261108,0.5227736234664917,-0.05503780022263527,0.59406578540802,0.509531557559967,-0.051156047731637955,0.5741273164749146,0.49080944061279297,-0.04473337531089783,0.5959914326667786,0.4187862277030945,-0.03381120041012764,0.6248374581336975,0.4873305559158325,-0.048004090785980225,0.6019023656845093,0.47704142332077026,-0.0391291119158268,0.5836805105209351,0.46052926778793335,-0.02989528514444828,0.6124728322029114,0.39277222752571106,-0.031049346551299095,0.6516175866127014,0.45059171319007874,-0.04155515879392624,0.6716159582138062,0.48349782824516296,-0.043368011713027954,0.6901907324790955,0.5102622509002686,-0.04385644197463989,Rock
0.14279058575630188,0.6931406855583191,2.7910417088605755e-07,0.180691659450531,0.6038390398025513,0.0003904248878825456,0.2541266083717346,0.5444538593292236,-0.012951422482728958,0.32499122619628906,0.5539627075195312,-0.027842404320836067,0.3684731721878052,0.5884987711906433,-0.042806945741176605,0.2582647502422333,0.47854846715927124,-0.04411889240145683,0.3598076403141022,0.4633254408836365,-0.06309705227613449,0.4169785976409912,0.45503178238868713,-0.0709126740694046,0.4638069272041321,0.4450107216835022,-0.0772642269730568,0.25575512647628784,0.5359272956848145,-0.056894395500421524,0.35669803619384766,0.5855501890182495,-0.08554255217313766,0.33512139320373535,0.6146602034568787,-0.08736157417297363,0.30668753385543823,0.6147572994232178,-0.086001455783844,0.2577577233314514,0.6083494424819946,-0.06678807735443115,0.3505997061729431,0.649858295917511,-0.09208589047193527,0.3255385458469391,0.6683954000473022,-0.08268901705741882,0.29663389921188354,0.66452556848526,-0.07194414734840393,0.26377516984939575,0.6800023913383484,-0.07614216208457947,0.35535484552383423,0.6925203204154968,-0.09227199107408524,0.4035013020038605,0.7017676830291748,-0.0892559140920639,0.44585084915161133,0.704992949962616,-0.08418388664722443,Rock
0.20157380402088165,0.6721510291099548,1.937731184398217e-07,0.25753507018089294,0.5911430716514587,0.003006975632160902,0.3384922444820404,0.5508909225463867,-0.007545280270278454,0.4076421856880188,0.5697854161262512,-0.019221065565943718,0.4505155086517334,0.597011923789978,-0.030615603551268578,0.35336804389953613,0.49740850925445557,-0.04349909722805023,0.4616096317768097,0.5072771906852722,-0.06299816817045212,0.5213987827301025,0.5194867849349976,-0.06884516775608063,0.5709916353225708,0.5266586542129517,-0.0730433240532875,0.3460886478424072,0.560225248336792,-0.055819135159254074,0.4444589614868164,0.6214497089385986,-0.08751244843006134,0.41303491592407227,0.6424072980880737,-0.08762916922569275,0.3776150047779083,0.6338505148887634,-0.08277476578950882,0.33915191888809204,0.6327356100082397,-0.06515954434871674,0.4234241247177124,0.6833114624023438,-0.09203538298606873,0.3932817578315735,0.6965960264205933,-0.08083219081163406,0.3627990484237671,0.6864986419677734,-0.06744610518217087,0.3339214622974396,0.7035304307937622,-0.07349399477243423,0.42125025391578674,0.7330590486526489,-0.09084364026784897,0.4658839702606201,0.7574082612991333,-0.08883395045995712,0.5050105452537537,0.7740020751953125,-0.08393512666225433,Rock
0.2676410675048828,0.6436626315116882,1.4008882942562195e-07,0.3322414755821228,0.5607105493545532,0.0028759643901139498,0.41476333141326904,0.5496334433555603,-0.00593541981652379,0.47330400347709656,0.5898025631904602,-0.01507963240146637,0.4997907876968384,0.6466541886329651,-0.023674247786402702,0.4427143931388855,0.5211468935012817,-0.03677493706345558,0.5482306480407715,0.5564834475517273,-0.0518198199570179,0.6082284450531006,0.5816464424133301,-0.05555962026119232,0.6572626829147339,0.5991170406341553,-0.05798550695180893,0.4386666715145111,0.5926513671875,-0.044979970902204514,0.5192463994026184,0.652720034122467,-0.06673914194107056,0.4875302016735077,0.6621999144554138,-0.06168290972709656,0.45462220907211304,0.65091872215271,-0.05362815409898758,0.42822590470314026,0.6665197014808655,-0.05008427053689957,0.5010898113250732,0.7109277248382568,-0.06542696803808212,0.4720328450202942,0.7121672034263611,-0.04997981712222099,0.4417160451412201,0.6991525292396545,-0.03491269797086716,0.4154149889945984,0.7308957576751709,-0.05457379296422005,0.4931715428829193,0.7659204006195068,-0.06202079355716705,0.5325272083282471,0.7880635857582092,-0.05565715953707695,0.5659682750701904,0.8030726909637451,-0.0482700914144516,Rock
0.3248855471611023,0.6534669995307922,3.958315897278908e-09,0.39677363634109497,0.5785748362541199,0.014538822695612907,0.4753897488117218,0.5834490060806274,0.013034633360803127,0.5292820930480957,0.6224880814552307,0.011569893918931484,0.5556528568267822,0.6697189211845398,0.009351516142487526,0.5250601768493652,0.5759114623069763,-0.03043150156736374,0.6226226091384888,0.6268402934074402,-0.03699657693505287,0.6810373067855835,0.6581786870956421,-0.03800523653626442,0.7261552810668945,0.6796997785568237,-0.03976816311478615,0.5187913775444031,0.6478551030158997,-0.03678158298134804,0.5755705237388611,0.6992012858390808,-0.03445903956890106,0.5483094453811646,0.6994211077690125,-0.020565472543239594,0.5232270956039429,0.6882830858230591,-0.013755174353718758,0.4986168146133423,0.7174558043479919,-0.03808876872062683,0.549968421459198,0.751550555229187,-0.03159794956445694,0.528242826461792,0.7395395636558533,-0.009822354651987553,0.5031270980834961,0.7212570309638977,0.0016184691339731216,0.4749033749103546,0.7719323635101318,-0.03781350329518318,0.545028567314148,0.8102439045906067,-0.034042857587337494,0.5806472301483154,0.828815758228302,-0.021976778283715248,0.6094383597373962,0.8383938670158386,-0.01325998641550541,Rock
0.3547930121421814,0.7052368521690369,-3.3067795612851114e-08,0.4365496039390564,0.645264744758606,0.015820927917957306,0.5178504586219788,0.6695967316627502,0.01554938219487667,0.5715780258178711,0.7192023992538452,0.01431315392255783,0.592720627784729,0.7686131596565247,0.011974207125604153,0.5657256245613098,0.6856463551521301,-0.023970257490873337,0.6610163450241089,0.766566276550293,-0.025487789884209633,0.7175923585891724,0.8089463114738464,-0.022540146484971046,0.7620583176612854,0.8389239311218262,-0.02162068337202072,0.5496792793273926,0.7575927972793579,-0.02944094128906727,0.5895416140556335,0.8189568519592285,-0.022093620151281357,0.5598585605621338,0.8025213479995728,-0.006161057390272617,0.5336410999298096,0.7815430164337158,0.0018818110693246126,0.5204185247421265,0.8213755488395691,-0.02972266636788845,0.5583856701850891,0.8632467985153198,-0.01802697591483593,0.5357299447059631,0.8418426513671875,0.004203318618237972,0.5102173089981079,0.8173500299453735,0.01500914990901947,0.49014320969581604,0.8696202635765076,-0.0283790435642004,0.5472422242164612,0.9285289645195007,-0.016309089958667755,0.5789202451705933,0.9537603855133057,-0.0006732351030223072,0.6062426567077637,0.9675359725952148,0.009448220953345299,Rock
0.32830026745796204,0.7245766520500183,1.187129612389981e-07,0.3964141607284546,0.6531256437301636,-0.0032747762743383646,0.4809538722038269,0.6542012095451355,-0.016354627907276154,0.5420268774032593,0.7127323746681213,-0.026681195944547653,0.5663907527923584,0.7711141705513,-0.03566788509488106,0.5057180523872375,0.624725878238678,-0.058356113731861115,0.6153246164321899,0.6705473065376282,-0.0800064280629158,0.6764649152755737,0.7026205062866211,-0.08913176506757736,0.7279473543167114,0.7223430275917053,-0.09700839221477509,0.4939197599887848,0.698080837726593,-0.06379389017820358,0.5770721435546875,0.7653007507324219,-0.09192436188459396,0.543861985206604,0.7754855155944824,-0.08719547837972641,0.5132347345352173,0.7641775012016296,-0.08086754381656647,0.4768025577068329,0.7703771591186523,-0.06583783030509949,0.5552207827568054,0.8233925104141235,-0.0851207971572876,0.5266135334968567,0.8164148330688477,-0.06601909548044205,0.49532097578048706,0.7969067692756653,-0.04998571425676346,0.46055838465690613,0.8313571214675903,-0.06777820736169815,0.5397329330444336,0.8845203518867493,-0.0854429304599762,0.5824988484382629,0.9145729541778564,-0.08517100661993027,0.6223782896995544,0.9366608262062073,-0.08258040994405746,Rock
0.2935749888420105,0.8969546556472778,-1.1903449603778427e-07,0.36052921414375305,0.8778532147407532,-0.02643575333058834,0.4249818027019501,0.8091732263565063,-0.03607989102602005,0.4362419843673706,0.7238050103187561,-0.04653233662247658,0.4042798578739166,0.6658384799957275,-0.05560874938964844,0.4303632080554962,0.7108768820762634,-0.011076864786446095,0.4697128236293793,0.6205457448959351,-0.02337290719151497,0.49044543504714966,0.5701626539230347,-0.02469370886683464,0.5078436136245728,0.5247529745101929,-0.024636881425976753,0.3929561376571655,0.692038893699646,-0.012506460770964622,0.4193407893180847,0.6610413789749146,-0.04669219255447388,0.4000299572944641,0.7265780568122864,-0.0542604997754097,0.3869670331478119,0.7595757842063904,-0.04846088960766792,0.3562314212322235,0.6868897080421448,-0.017390834167599678,0.3813241124153137,0.6629899740219116,-0.061808858066797256,0.36545491218566895,0.7411655187606812,-0.06213018298149109,0.3519781827926636,0.7827931046485901,-0.047932468354701996,0.31759142875671387,0.6843118667602539,-0.023575343191623688,0.3453727066516876,0.6166560649871826,-0.04826001450419426,0.3686560094356537,0.5802192687988281,-0.04896214231848717,0.3946922719478607,0.5379166007041931,-0.04395298659801483,Rock
0.24472138285636902,0.6606191992759705,-5.909694067440796e-08,0.2956751883029938,0.7109125256538391,-0.028431260958313942,0.35749346017837524,0.720156192779541,-0.041510533541440964,0.3957410156726837,0.6680805683135986,-0.053553979843854904,0.4122936427593231,0.6109526753425598,-0.06447596848011017,0.43398794531822205,0.7044838070869446,-0.026248391717672348,0.5101466774940491,0.6887141466140747,-0.04568840190768242,0.560125470161438,0.675546407699585,-0.05681343004107475,0.6019907593727112,0.663828432559967,-0.06335948407649994,0.4223664104938507,0.6494260430335999,-0.026253564283251762,0.44637733697891235,0.6213351488113403,-0.06087677180767059,0.412074476480484,0.626833975315094,-0.07436720281839371,0.3879745602607727,0.6403493881225586,-0.07522360980510712,0.3985774517059326,0.6006671786308289,-0.028636960312724113,0.41162237524986267,0.5718364119529724,-0.06636053323745728,0.3782428503036499,0.5917724370956421,-0.07069986313581467,0.357234388589859,0.6136230826377869,-0.06283140182495117,0.37180542945861816,0.5554053783416748,-0.03267759829759598,0.4191107451915741,0.5205243825912476,-0.05253618210554123,0.44730907678604126,0.4995940327644348,-0.051528558135032654,0.47676774859428406,0.48565560579299927,-0.04577656835317612,Rock
0.2813314199447632,0.5376425385475159,4.581772827805253e-08,0.3247886300086975,0.5654619932174683,-0.04303072765469551,0.38531380891799927,0.5452846884727478,-0.059084996581077576,0.4170437455177307,0.46803727746009827,-0.07031727582216263,0.42297592759132385,0.3979383409023285,-0.07714375108480453,0.4654087424278259,0.52260422706604,-0.024386340752243996,0.5316620469093323,0.46895480155944824,-0.04860447347164154,0.5701020359992981,0.42976659536361694,-0.06467011570930481,0.6015896797180176,0.39595383405685425,-0.07580959051847458,0.44677960872650146,0.48068639636039734,-0.019040770828723907,0.47379645705223083,0.42912787199020386,-0.061145760118961334,0.4463997483253479,0.45399531722068787,-0.07934840768575668,0.4290464520454407,0.4807501435279846,-0.08141611516475677,0.42144718766212463,0.4420618712902069,-0.019023055210709572,0.4357444941997528,0.3973991274833679,-0.06505507230758667,0.4025748372077942,0.4392823278903961,-0.07167942076921463,0.3860585391521454,0.47269144654273987,-0.06274615228176117,0.39310261607170105,0.4124673306941986,-0.022592289373278618,0.41512155532836914,0.3845846652984619,-0.05250513181090355,0.3989882171154022,0.4112682640552521,-0.05274469032883644,0.38779348134994507,0.43326103687286377,-0.044834479689598083,Rock
0.755173921585083,0.7251569628715515,-1.637911282159621e-07,0.7060614228248596,0.6597015857696533,-0.01975819654762745,0.6795948147773743,0.5562421679496765,-0.032639723271131516,0.6868726015090942,0.4763142764568329,-0.04786023125052452,0.7223814725875854,0.4372245669364929,-0.06128937751054764,0.7182313799858093,0.4696325659751892,-0.019989265128970146,0.7087982892990112,0.36090317368507385,-0.04272060841321945,0.6978180408477783,0.2997225522994995,-0.051309023052453995,0.6930205821990967,0.24290332198143005,-0.0568002350628376,0.7582398653030396,0.47683072090148926,-0.024721810594201088,0.7486227750778198,0.4079239070415497,-0.06888182461261749,0.7254958152770996,0.4796890616416931,-0.07604428380727768,0.7183933258056641,0.5291411280632019,-0.06840477883815765,0.7976025342941284,0.4979122281074524,-0.032110635191202164,0.7785562872886658,0.46047526597976685,-0.07693183422088623,0.7536222338676453,0.5344681739807129,-0.06895377486944199,0.7472702860832214,0.5860984325408936,-0.04820890352129936,0.8350260257720947,0.5216313004493713,-0.041117869317531586,0.8563022017478943,0.43105465173721313,-0.06892819702625275,0.863267183303833,0.36914610862731934,-0.06879077851772308,0.8703076243400574,0.31019121408462524,-0.06141173839569092,Rock
0.7868528366088867,0.7017018795013428,-5.910758105187597e-08,0.7547029256820679,0.6303278803825378,-0.021394195035099983,0.7545135021209717,0.5154953002929688,-0.032735876739025116,0.7850912809371948,0.4399483799934387,-0.04530446231365204,0.8367288708686829,0.4274522364139557,-0.05603548511862755,0.8111156225204468,0.46022719144821167,-0.022415604442358017,0.8336799144744873,0.3513106405735016,-0.04335113614797592,0.8447364568710327,0.2908823490142822,-0.04985782504081726,0.8603090047836304,0.23475170135498047,-0.054235294461250305,0.8484429717063904,0.4835384488105774,-0.025695055723190308,0.8483493328094482,0.41643524169921875,-0.07023372501134872,0.8094534873962402,0.47909045219421387,-0.07476059347391129,0.7980765104293823,0.5237820148468018,-0.06458772718906403,0.8793116807937622,0.5198500156402588,-0.03168168663978577,0.8669000267982483,0.4745101034641266,-0.07621193677186966,0.8250682950019836,0.5324337482452393,-0.06687840819358826,0.8111860156059265,0.5790367126464844,-0.04503238573670387,0.9097224473953247,0.5574570894241333,-0.03935868293046951,0.9496946334838867,0.47876518964767456,-0.06678000837564468,0.9671505689620972,0.42182233929634094,-0.06667228043079376,0.986344575881958,0.37103766202926636,-0.05913000926375389,Rock
0.7288950085639954,0.7034971117973328,-9.10522715003026e-08,0.6633032560348511,0.6752299666404724,-0.018926523625850677,0.6060912013053894,0.6056231260299683,-0.03081943653523922,0.5895319581031799,0.5322901010513306,-0.045030150562524796,0.6113945841789246,0.47721439599990845,-0.057298485189676285,0.6084303259849548,0.5193102955818176,-0.014207616448402405,0.5679884552955627,0.42930734157562256,-0.03943750634789467,0.5392221808433533,0.37421882152557373,-0.04962669685482979,0.5200142860412598,0.32393473386764526,-0.05397954210639,0.6433521509170532,0.5026711821556091,-0.01930852234363556,0.6217870116233826,0.4412519931793213,-0.06502727419137955,0.6213008165359497,0.5020500421524048,-0.07401645183563232,0.6275652647018433,0.5464658141136169,-0.06622117757797241,0.68099045753479,0.49743348360061646,-0.027840858325362206,0.6622399091720581,0.4657522737979889,-0.07517903298139572,0.6628972887992859,0.5341843962669373,-0.07052552700042725,0.6713963747024536,0.5805454850196838,-0.050032712519168854,0.71987384557724,0.4945072829723358,-0.0375378243625164,0.710486888885498,0.40747731924057007,-0.06323723495006561,0.7005695104598999,0.3539702296257019,-0.0615948848426342,0.6922171711921692,0.30558905005455017,-0.052241358906030655,Rock
0.7335127592086792,0.5388420820236206,1.7159881338102423e-07,0.6821154356002808,0.5569678544998169,-0.03887216001749039,0.6239042282104492,0.5375215411186218,-0.05715985223650932,0.588306188583374,0.483834445476532,-0.07279294729232788,0.5693309307098389,0.4265989661216736,-0.08514418452978134,0.5542854070663452,0.49053955078125,-0.02487962879240513,0.49453023076057434,0.4525426924228668,-0.0455549918115139,0.4591045379638672,0.4286375045776367,-0.056855522096157074,0.427092045545578,0.4014674723148346,-0.06352679431438446,0.5785742998123169,0.4494117498397827,-0.0179466363042593,0.5565007328987122,0.41128748655319214,-0.06239547207951546,0.5800083875656128,0.43510428071022034,-0.08204703032970428,0.5914148688316345,0.44661596417427063,-0.0833626240491867,0.6073415279388428,0.4148494601249695,-0.014796562492847443,0.6012084484100342,0.3865531086921692,-0.05887065827846527,0.6296942234039307,0.4350152015686035,-0.06449749320745468,0.6438817381858826,0.46750199794769287,-0.053336430341005325,0.6361172199249268,0.38582170009613037,-0.014209916815161705,0.6015886664390564,0.3284614086151123,-0.03922853618860245,0.5770239233970642,0.2952151298522949,-0.04248202592134476,0.5503945350646973,0.26246172189712524,-0.037044722586870193,Rock
